{
  "fy" : 2876.100341796875,
  "fx" : 2876.100341796875,
  "cy" : 1518.2470703125,
  "cx" : 2018.2723388671875
}